--------------------------------------------------------
--  파일이 생성됨 - 금요일-11월-29-2019   
--------------------------------------------------------
--------------------------------------------------------
--  DDL for Table BRAND
--------------------------------------------------------

  CREATE TABLE "BRAND" 
   (	"BRAND_ID" CHAR(4 BYTE), 
	"BRAND_NAME" VARCHAR2(20 BYTE), 
	"ADDRESS1" VARCHAR2(30 BYTE), 
	"ADDRESS2" VARCHAR2(50 BYTE)
   ) ;
--------------------------------------------------------
--  DDL for Table BRAND_PHONE
--------------------------------------------------------

  CREATE TABLE "BRAND_PHONE" 
   (	"BRAND_ID" CHAR(4 BYTE), 
	"PHONE_NUMBER" VARCHAR2(13 BYTE)
   ) ;
--------------------------------------------------------
--  DDL for Table ORDER_INFO
--------------------------------------------------------

  CREATE TABLE "ORDER_INFO" 
   (	"ORDER_ID" CHAR(8 BYTE), 
	"RECEIVER_NAME" VARCHAR2(10 BYTE), 
	"ADDRESS1" VARCHAR2(30 BYTE), 
	"ADDRESS2" VARCHAR2(50 BYTE), 
	"TOTAL_PRICE" NUMBER(*,0), 
	"ORDER_DATE" DATE, 
	"PAYMENT_METHOD" VARCHAR2(20 BYTE), 
	"SHIPPING_INFO" VARCHAR2(20 BYTE)
   ) ;
--------------------------------------------------------
--  DDL for Table ORDER_PHONE
--------------------------------------------------------

  CREATE TABLE "ORDER_PHONE" 
   (	"ORDER_ID" CHAR(8 BYTE), 
	"PHONE_NUMBER" VARCHAR2(13 BYTE)
   ) ;
--------------------------------------------------------
--  DDL for Table PRODUCT
--------------------------------------------------------

  CREATE TABLE "PRODUCT" 
   (	"PRODUCT_ID" CHAR(10 BYTE), 
	"PRODUCT_NAME" VARCHAR2(40 BYTE), 
	"PRICE" NUMBER(*,0), 
	"SEASON" VARCHAR2(2 BYTE), 
	"GENDER" CHAR(1 BYTE), 
	"MAINCATEGORY" VARCHAR2(10 BYTE), 
	"SUBCATEGORY" VARCHAR2(20 BYTE), 
	"COLOR" VARCHAR2(10 BYTE), 
	"ON_SALE" CHAR(1 BYTE)
   ) ;
--------------------------------------------------------
--  DDL for Table PURCHASE_INFO
--------------------------------------------------------

  CREATE TABLE "PURCHASE_INFO" 
   (	"USER_ID" CHAR(7 BYTE), 
	"ORDER_ID" CHAR(8 BYTE), 
	"PRODUCT_ID" CHAR(10 BYTE), 
	"SIZE_INFO" VARCHAR2(3 BYTE), 
	"QUANTITY" NUMBER(*,0), 
	"PRICE" NUMBER(*,0)
   ) ;
--------------------------------------------------------
--  DDL for Table REGISTER_PRODUCT
--------------------------------------------------------

  CREATE TABLE "REGISTER_PRODUCT" 
   (	"BRAND_ID" CHAR(4 BYTE), 
	"PRODUCT_ID" CHAR(10 BYTE), 
	"REGISTER_DATE" DATE
   ) ;
--------------------------------------------------------
--  DDL for Table STOCK
--------------------------------------------------------

  CREATE TABLE "STOCK" 
   (	"PRODUCT_ID" CHAR(10 BYTE), 
	"SIZE_INFO" VARCHAR2(3 BYTE), 
	"STOCK" NUMBER(*,0)
   ) ;
--------------------------------------------------------
--  DDL for Table USER_INFO
--------------------------------------------------------

  CREATE TABLE "USER_INFO" 
   (	"USER_ID" CHAR(7 BYTE), 
	"USER_NAME" VARCHAR2(10 BYTE), 
	"USER_PASSWORD" VARCHAR2(15 BYTE), 
	"BIRTH" DATE, 
	"GENDER" CHAR(1 BYTE), 
	"USER_RANK" VARCHAR2(6 BYTE), 
	"ADDRESS1" VARCHAR2(30 BYTE), 
	"ADDRESS2" VARCHAR2(50 BYTE)
   ) ;
--------------------------------------------------------
--  DDL for Table USER_PHONE
--------------------------------------------------------

  CREATE TABLE "USER_PHONE" 
   (	"USER_ID" CHAR(7 BYTE), 
	"PHONE_NUMBER" VARCHAR2(13 BYTE)
   ) ;
--------------------------------------------------------
--  DDL for Table WISHLIST
--------------------------------------------------------

  CREATE TABLE "WISHLIST" 
   (	"USER_ID" CHAR(7 BYTE), 
	"PRODUCT_ID" CHAR(10 BYTE)
   ) ;
REM INSERTING into BRAND
SET DEFINE OFF;
Insert into BRAND (BRAND_ID,BRAND_NAME,ADDRESS1,ADDRESS2) values ('0006','구찌','서울특별시 강남구','압구정동 압구정로 343 갤러리아 1층');
Insert into BRAND (BRAND_ID,BRAND_NAME,ADDRESS1,ADDRESS2) values ('0001','나이키','서울특별시 강남구','역삼1동 테헤란로 152');
Insert into BRAND (BRAND_ID,BRAND_NAME,ADDRESS1,ADDRESS2) values ('0003','자라','서울특별시 서초구','서초동 1304-3');
Insert into BRAND (BRAND_ID,BRAND_NAME,ADDRESS1,ADDRESS2) values ('0009','롤렉스','서울특별시 강남구','역삼1동 737');
Insert into BRAND (BRAND_ID,BRAND_NAME,ADDRESS1,ADDRESS2) values ('0011','샤넬','서울특별시 중구','세종대로9길 41, 11층');
Insert into BRAND (BRAND_ID,BRAND_NAME,ADDRESS1,ADDRESS2) values ('0012','로레알','서울특별시 강남구','삼성동 159-1');
Insert into BRAND (BRAND_ID,BRAND_NAME,ADDRESS1,ADDRESS2) values ('0016','넥스트','경기도 광주시','곤지암읍 수양리 120');
Insert into BRAND (BRAND_ID,BRAND_NAME,ADDRESS1,ADDRESS2) values ('0020','랄프로렌','서울특별시 중구','남대문로2가');
Insert into BRAND (BRAND_ID,BRAND_NAME,ADDRESS1,ADDRESS2) values ('0004','아디다스','서울특별시 서초구','서초동 1321-15');
Insert into BRAND (BRAND_ID,BRAND_NAME,ADDRESS1,ADDRESS2) values ('0005','에르메스','서울특별시 중구','장충동2가 202');
Insert into BRAND (BRAND_ID,BRAND_NAME,ADDRESS1,ADDRESS2) values ('0007','루이비통','서울특별시 강남구','삼성동 삼성로 511');
Insert into BRAND (BRAND_ID,BRAND_NAME,ADDRESS1,ADDRESS2) values ('0008','유니클로','서울시특별시 용산구','한강로 3가 40-999 아이파크몰 2층');
Insert into BRAND (BRAND_ID,BRAND_NAME,ADDRESS1,ADDRESS2) values ('0010','에르메스','서울특별시 강남구','도산대로45길 7');
Insert into BRAND (BRAND_ID,BRAND_NAME,ADDRESS1,ADDRESS2) values ('0013','노스페이스','서울특별시 동작구','사당동 1046-8');
Insert into BRAND (BRAND_ID,BRAND_NAME,ADDRESS1,ADDRESS2) values ('0014','코오롱 스포츠','서울특별시 서초구','반포동 737-9');
Insert into BRAND (BRAND_ID,BRAND_NAME,ADDRESS1,ADDRESS2) values ('0015','에스콰이어','서울특별시 중구','을지로1가');
Insert into BRAND (BRAND_ID,BRAND_NAME,ADDRESS1,ADDRESS2) values ('0017','휴고보스','서울특별시 종로구','종로1가 1번지 15층 교보생명빌딩');
Insert into BRAND (BRAND_ID,BRAND_NAME,ADDRESS1,ADDRESS2) values ('0018','타미힐피거','서울특별시 중구','남대문로 81, 04533 서울특별시');
Insert into BRAND (BRAND_ID,BRAND_NAME,ADDRESS1,ADDRESS2) values ('0019','룰루레몬','서울특별시 강남구','선릉로 835, 3층');
Insert into BRAND (BRAND_ID,BRAND_NAME,ADDRESS1,ADDRESS2) values ('0002','H&M','서울특별시 종로구','종로 51, 종로타워 17 층');
REM INSERTING into BRAND_PHONE
SET DEFINE OFF;
Insert into BRAND_PHONE (BRAND_ID,PHONE_NUMBER) values ('0001','02-338-3316');
Insert into BRAND_PHONE (BRAND_ID,PHONE_NUMBER) values ('0002','070-4048-5375');
Insert into BRAND_PHONE (BRAND_ID,PHONE_NUMBER) values ('0003','02-511-7288');
Insert into BRAND_PHONE (BRAND_ID,PHONE_NUMBER) values ('0004','070-4063-4692');
Insert into BRAND_PHONE (BRAND_ID,PHONE_NUMBER) values ('0005','02-2231-2593');
Insert into BRAND_PHONE (BRAND_ID,PHONE_NUMBER) values ('0006','02-2015-6000');
Insert into BRAND_PHONE (BRAND_ID,PHONE_NUMBER) values ('0007','02-338-9085');
Insert into BRAND_PHONE (BRAND_ID,PHONE_NUMBER) values ('0008','010-8214-9287');
Insert into BRAND_PHONE (BRAND_ID,PHONE_NUMBER) values ('0009','02-337-1987');
Insert into BRAND_PHONE (BRAND_ID,PHONE_NUMBER) values ('0010','02-3478-7250');
Insert into BRAND_PHONE (BRAND_ID,PHONE_NUMBER) values ('0011','02-579-6467');
Insert into BRAND_PHONE (BRAND_ID,PHONE_NUMBER) values ('0012','02-542-6267');
Insert into BRAND_PHONE (BRAND_ID,PHONE_NUMBER) values ('0013','02-6366-3078');
Insert into BRAND_PHONE (BRAND_ID,PHONE_NUMBER) values ('0014','070-8615-3800');
Insert into BRAND_PHONE (BRAND_ID,PHONE_NUMBER) values ('0015','070-7721-2995');
Insert into BRAND_PHONE (BRAND_ID,PHONE_NUMBER) values ('0016','070-8222-4501');
Insert into BRAND_PHONE (BRAND_ID,PHONE_NUMBER) values ('0017','070-7714-7005');
Insert into BRAND_PHONE (BRAND_ID,PHONE_NUMBER) values ('0018','02-6954-0157');
Insert into BRAND_PHONE (BRAND_ID,PHONE_NUMBER) values ('0019','070-8254-1123');
Insert into BRAND_PHONE (BRAND_ID,PHONE_NUMBER) values ('0020','02-1661-0612');
REM INSERTING into ORDER_INFO
SET DEFINE OFF;
Insert into ORDER_INFO (ORDER_ID,RECEIVER_NAME,ADDRESS1,ADDRESS2,TOTAL_PRICE,ORDER_DATE,PAYMENT_METHOD,SHIPPING_INFO) values ('11111111','김진아','경상북도 구미시','도량동 그린빌 아파트 204동 1502호',30000,to_date('19/11/19','RR/MM/DD'),'카드','배송중');
Insert into ORDER_INFO (ORDER_ID,RECEIVER_NAME,ADDRESS1,ADDRESS2,TOTAL_PRICE,ORDER_DATE,PAYMENT_METHOD,SHIPPING_INFO) values ('11111117','조현주','경기도 과천시','중앙동 에코팰리스 아파트 501동 1102호',78000,to_date('19/05/21','RR/MM/DD'),'카드','환불');
Insert into ORDER_INFO (ORDER_ID,RECEIVER_NAME,ADDRESS1,ADDRESS2,TOTAL_PRICE,ORDER_DATE,PAYMENT_METHOD,SHIPPING_INFO) values ('11111121','이정윤','강원도 원주시','단계동 단계현진 501동 602호',200000,to_date('19/11/20','RR/MM/DD'),'카드','배송중');
Insert into ORDER_INFO (ORDER_ID,RECEIVER_NAME,ADDRESS1,ADDRESS2,TOTAL_PRICE,ORDER_DATE,PAYMENT_METHOD,SHIPPING_INFO) values ('11111123','오진영','경상북도 김천시','율곡동 주공아파트',60000,to_date('19/05/11','RR/MM/DD'),'카드','환불');
Insert into ORDER_INFO (ORDER_ID,RECEIVER_NAME,ADDRESS1,ADDRESS2,TOTAL_PRICE,ORDER_DATE,PAYMENT_METHOD,SHIPPING_INFO) values ('11111124','이준성','강원도 춘천시','효자동 남현아파트',53000,to_date('19/11/21','RR/MM/DD'),'카드','배송전');
Insert into ORDER_INFO (ORDER_ID,RECEIVER_NAME,ADDRESS1,ADDRESS2,TOTAL_PRICE,ORDER_DATE,PAYMENT_METHOD,SHIPPING_INFO) values ('11111112','이주성','서울특별시 동작구','상도동 래미안아파트 105동 1201호',52000,to_date('19/08/07','RR/MM/DD'),'카드','배송완료');
Insert into ORDER_INFO (ORDER_ID,RECEIVER_NAME,ADDRESS1,ADDRESS2,TOTAL_PRICE,ORDER_DATE,PAYMENT_METHOD,SHIPPING_INFO) values ('11111118','박지선','부산광역시 기장군','기장읍 이진캐스빌블루 101동 406호',90000,to_date('19/08/09','RR/MM/DD'),'카드','배송완료');
Insert into ORDER_INFO (ORDER_ID,RECEIVER_NAME,ADDRESS1,ADDRESS2,TOTAL_PRICE,ORDER_DATE,PAYMENT_METHOD,SHIPPING_INFO) values ('11111120','오병환','강원도 원주시','단계동 단계현진 504동 608호',51000,to_date('19/03/13','RR/MM/DD'),'카드','배송완료');
Insert into ORDER_INFO (ORDER_ID,RECEIVER_NAME,ADDRESS1,ADDRESS2,TOTAL_PRICE,ORDER_DATE,PAYMENT_METHOD,SHIPPING_INFO) values ('11111125','송진희','경기도 수원시','송죽동 정원아파트',23000,to_date('19/03/21','RR/MM/DD'),'카드','배송완료');
Insert into ORDER_INFO (ORDER_ID,RECEIVER_NAME,ADDRESS1,ADDRESS2,TOTAL_PRICE,ORDER_DATE,PAYMENT_METHOD,SHIPPING_INFO) values ('11111130','윤정희','경기도 용인시','수지동 수지아파트',310000,to_date('19/11/04','RR/MM/DD'),'카드','배송완료');
Insert into ORDER_INFO (ORDER_ID,RECEIVER_NAME,ADDRESS1,ADDRESS2,TOTAL_PRICE,ORDER_DATE,PAYMENT_METHOD,SHIPPING_INFO) values ('11111113','임준하','서울특별시 강남구','삼성동 중앙하이츠 빌리지 301동 203호',20000,to_date('19/03/21','RR/MM/DD'),'무통장입금','배송완료');
Insert into ORDER_INFO (ORDER_ID,RECEIVER_NAME,ADDRESS1,ADDRESS2,TOTAL_PRICE,ORDER_DATE,PAYMENT_METHOD,SHIPPING_INFO) values ('11111114','이정민','충청북도 제천시','모산동 로즈웰힐아파트 201동 507호',70000,to_date('19/11/21','RR/MM/DD'),'계좌이체','배송전');
Insert into ORDER_INFO (ORDER_ID,RECEIVER_NAME,ADDRESS1,ADDRESS2,TOTAL_PRICE,ORDER_DATE,PAYMENT_METHOD,SHIPPING_INFO) values ('11111115','정현아','대전광역시 대덕구','대화동 두레아파트 102동 511호',150000,to_date('19/11/20','RR/MM/DD'),'무통장입금','배송중');
Insert into ORDER_INFO (ORDER_ID,RECEIVER_NAME,ADDRESS1,ADDRESS2,TOTAL_PRICE,ORDER_DATE,PAYMENT_METHOD,SHIPPING_INFO) values ('11111116','임정아','대전광역시 동구','신흥동 주공아파트 402동 602호',63200,to_date('19/07/23','RR/MM/DD'),'휴대폰 결제','배송완료');
Insert into ORDER_INFO (ORDER_ID,RECEIVER_NAME,ADDRESS1,ADDRESS2,TOTAL_PRICE,ORDER_DATE,PAYMENT_METHOD,SHIPPING_INFO) values ('11111119','이재민','경상남도 김해시','부영동 부영e-그린아파트 401동 1301호',12000,to_date('19/09/27','RR/MM/DD'),'계좌이체','환불');
Insert into ORDER_INFO (ORDER_ID,RECEIVER_NAME,ADDRESS1,ADDRESS2,TOTAL_PRICE,ORDER_DATE,PAYMENT_METHOD,SHIPPING_INFO) values ('11111122','김진형','서울 특별시 동작구','블루미르홀 309관 1241호',50000,to_date('19/07/13','RR/MM/DD'),'계좌이체','배송완료');
Insert into ORDER_INFO (ORDER_ID,RECEIVER_NAME,ADDRESS1,ADDRESS2,TOTAL_PRICE,ORDER_DATE,PAYMENT_METHOD,SHIPPING_INFO) values ('11111126','김주희','경기도 수원시','세류동 이정아파트',41000,to_date('19/08/21','RR/MM/DD'),'계좌이체','배송완료');
Insert into ORDER_INFO (ORDER_ID,RECEIVER_NAME,ADDRESS1,ADDRESS2,TOTAL_PRICE,ORDER_DATE,PAYMENT_METHOD,SHIPPING_INFO) values ('11111127','이주현','충청남도 공주시','봉황동 봉황아파트',100000,to_date('19/10/16','RR/MM/DD'),'계좌이체','배송완료');
Insert into ORDER_INFO (ORDER_ID,RECEIVER_NAME,ADDRESS1,ADDRESS2,TOTAL_PRICE,ORDER_DATE,PAYMENT_METHOD,SHIPPING_INFO) values ('11111128','김성수','충청남도 논산시','시민동 시민아파트',120000,to_date('19/11/12','RR/MM/DD'),'무통장입금','배송완료');
Insert into ORDER_INFO (ORDER_ID,RECEIVER_NAME,ADDRESS1,ADDRESS2,TOTAL_PRICE,ORDER_DATE,PAYMENT_METHOD,SHIPPING_INFO) values ('11111129','한예인','경기도 용인시','죽전동 대진아파트',35000,to_date('19/10/05','RR/MM/DD'),'휴대폰 결제','배송완료');
REM INSERTING into ORDER_PHONE
SET DEFINE OFF;
Insert into ORDER_PHONE (ORDER_ID,PHONE_NUMBER) values ('11111111','010-1234-1234');
Insert into ORDER_PHONE (ORDER_ID,PHONE_NUMBER) values ('11111112','010-0000-0000');
Insert into ORDER_PHONE (ORDER_ID,PHONE_NUMBER) values ('11111112','070-0182-0230');
Insert into ORDER_PHONE (ORDER_ID,PHONE_NUMBER) values ('11111113','010-2321-2321');
Insert into ORDER_PHONE (ORDER_ID,PHONE_NUMBER) values ('11111114','010-4632-1421');
Insert into ORDER_PHONE (ORDER_ID,PHONE_NUMBER) values ('11111114','070-5454-4522');
Insert into ORDER_PHONE (ORDER_ID,PHONE_NUMBER) values ('11111115','010-3535-5335');
Insert into ORDER_PHONE (ORDER_ID,PHONE_NUMBER) values ('11111116','010-7363-6226');
Insert into ORDER_PHONE (ORDER_ID,PHONE_NUMBER) values ('11111117','010-3525-1553');
Insert into ORDER_PHONE (ORDER_ID,PHONE_NUMBER) values ('11111118','010-5225-1515');
Insert into ORDER_PHONE (ORDER_ID,PHONE_NUMBER) values ('11111119','010-4637-4637');
Insert into ORDER_PHONE (ORDER_ID,PHONE_NUMBER) values ('11111120','010-2366-5235');
Insert into ORDER_PHONE (ORDER_ID,PHONE_NUMBER) values ('11111121','010-3255-1555');
Insert into ORDER_PHONE (ORDER_ID,PHONE_NUMBER) values ('11111122','011-1535-1531');
Insert into ORDER_PHONE (ORDER_ID,PHONE_NUMBER) values ('11111123','010-3535-2515');
Insert into ORDER_PHONE (ORDER_ID,PHONE_NUMBER) values ('11111124','010-7564-8564');
Insert into ORDER_PHONE (ORDER_ID,PHONE_NUMBER) values ('11111125','010-2352-7568');
Insert into ORDER_PHONE (ORDER_ID,PHONE_NUMBER) values ('11111126','010-2646-2644');
Insert into ORDER_PHONE (ORDER_ID,PHONE_NUMBER) values ('11111127','010-8658-3763');
Insert into ORDER_PHONE (ORDER_ID,PHONE_NUMBER) values ('11111128','010-2754-2744');
Insert into ORDER_PHONE (ORDER_ID,PHONE_NUMBER) values ('11111129','010-7800-5070');
Insert into ORDER_PHONE (ORDER_ID,PHONE_NUMBER) values ('11111130','010-6334-3759');
REM INSERTING into PRODUCT
SET DEFINE OFF;
Insert into PRODUCT (PRODUCT_ID,PRODUCT_NAME,PRICE,SEASON,GENDER,MAINCATEGORY,SUBCATEGORY,COLOR,ON_SALE) values ('p000000004','울 라운드 자켓_그레이',218000,'fw','u','아우터','코트','그레이','t');
Insert into PRODUCT (PRODUCT_ID,PRODUCT_NAME,PRICE,SEASON,GENDER,MAINCATEGORY,SUBCATEGORY,COLOR,ON_SALE) values ('p000000005','터틀넥 티셔츠_블랙',270000,'fw','u','상의','티셔츠','블랙','t');
Insert into PRODUCT (PRODUCT_ID,PRODUCT_NAME,PRICE,SEASON,GENDER,MAINCATEGORY,SUBCATEGORY,COLOR,ON_SALE) values ('p000000006','플리스 원피스_크림',86000,'fw','w','원피스','드레스','크림','t');
Insert into PRODUCT (PRODUCT_ID,PRODUCT_NAME,PRICE,SEASON,GENDER,MAINCATEGORY,SUBCATEGORY,COLOR,ON_SALE) values ('p000000007','코튼 오버롤_그린',158000,'ss','w','원피스','오버롤','그린','t');
Insert into PRODUCT (PRODUCT_ID,PRODUCT_NAME,PRICE,SEASON,GENDER,MAINCATEGORY,SUBCATEGORY,COLOR,ON_SALE) values ('p000000008','울 플리츠 스커트_블랙',82000,'fw','w','하의','스커트','블랙','f');
Insert into PRODUCT (PRODUCT_ID,PRODUCT_NAME,PRICE,SEASON,GENDER,MAINCATEGORY,SUBCATEGORY,COLOR,ON_SALE) values ('p000000011','옥스포드 셔츠_카키',20000,'ss','m','상의','셔츠','그린','f');
Insert into PRODUCT (PRODUCT_ID,PRODUCT_NAME,PRICE,SEASON,GENDER,MAINCATEGORY,SUBCATEGORY,COLOR,ON_SALE) values ('p000000012','카고 하프 팬츠_블랙',38000,'ss','m','하의','쇼츠','블랙','f');
Insert into PRODUCT (PRODUCT_ID,PRODUCT_NAME,PRICE,SEASON,GENDER,MAINCATEGORY,SUBCATEGORY,COLOR,ON_SALE) values ('p000000014','보더 후드_블랙',30000,'fw','m','상의','후드','블랙','f');
Insert into PRODUCT (PRODUCT_ID,PRODUCT_NAME,PRICE,SEASON,GENDER,MAINCATEGORY,SUBCATEGORY,COLOR,ON_SALE) values ('p000000017','크루넥 니트_그린',65000,'fw','u','상의','니트','그린','t');
Insert into PRODUCT (PRODUCT_ID,PRODUCT_NAME,PRICE,SEASON,GENDER,MAINCATEGORY,SUBCATEGORY,COLOR,ON_SALE) values ('p000000019','체크 자켓_그레이',135000,'ss','m','아우터','자켓','그레이','t');
Insert into PRODUCT (PRODUCT_ID,PRODUCT_NAME,PRICE,SEASON,GENDER,MAINCATEGORY,SUBCATEGORY,COLOR,ON_SALE) values ('p000000020','모크넥 니트_그린',67000,'fw','w','상의','니트','그린','t');
Insert into PRODUCT (PRODUCT_ID,PRODUCT_NAME,PRICE,SEASON,GENDER,MAINCATEGORY,SUBCATEGORY,COLOR,ON_SALE) values ('p000000003','페니로퍼_블랙',190000,'al','m','하의','드레스 슈즈','블랙','t');
Insert into PRODUCT (PRODUCT_ID,PRODUCT_NAME,PRICE,SEASON,GENDER,MAINCATEGORY,SUBCATEGORY,COLOR,ON_SALE) values ('p000000013','러닝슈즈_네이비',80000,'al','w','신발','스니커즈','네이비','t');
Insert into PRODUCT (PRODUCT_ID,PRODUCT_NAME,PRICE,SEASON,GENDER,MAINCATEGORY,SUBCATEGORY,COLOR,ON_SALE) values ('p000000018','조리 슬리퍼_블랙',55000,'al','u','신발','샌들/슬리퍼','블랙','t');
Insert into PRODUCT (PRODUCT_ID,PRODUCT_NAME,PRICE,SEASON,GENDER,MAINCATEGORY,SUBCATEGORY,COLOR,ON_SALE) values ('p000000001','와이드 치노 팬츠_베이지',26000,'al','m','하의','팬츠','베이지','t');
Insert into PRODUCT (PRODUCT_ID,PRODUCT_NAME,PRICE,SEASON,GENDER,MAINCATEGORY,SUBCATEGORY,COLOR,ON_SALE) values ('p000000002','후드 스웨트 집업_그레이',36000,'fw','u','아우터','집업','그레이','t');
Insert into PRODUCT (PRODUCT_ID,PRODUCT_NAME,PRICE,SEASON,GENDER,MAINCATEGORY,SUBCATEGORY,COLOR,ON_SALE) values ('p000000009','오버핏 스웨트셔츠_그레이',38000,'ss','u','상의','티셔츠','그레이','t');
Insert into PRODUCT (PRODUCT_ID,PRODUCT_NAME,PRICE,SEASON,GENDER,MAINCATEGORY,SUBCATEGORY,COLOR,ON_SALE) values ('p000000010','와이드 코듀로이 팬츠_크림',28000,'fw','m','하의','팬츠','크림','t');
Insert into PRODUCT (PRODUCT_ID,PRODUCT_NAME,PRICE,SEASON,GENDER,MAINCATEGORY,SUBCATEGORY,COLOR,ON_SALE) values ('p000000015','하이넥 타이 원피스_네이비',184000,'ss','w','원피스','드레스','네이비','t');
Insert into PRODUCT (PRODUCT_ID,PRODUCT_NAME,PRICE,SEASON,GENDER,MAINCATEGORY,SUBCATEGORY,COLOR,ON_SALE) values ('p000000016','카펜터 데님 팬츠_네이비',56000,'ss','m','하의','쇼츠','네이비','t');
Insert into PRODUCT (PRODUCT_ID,PRODUCT_NAME,PRICE,SEASON,GENDER,MAINCATEGORY,SUBCATEGORY,COLOR,ON_SALE) values ('p000000021','유틸리티 쇼츠_파랑',32000,'ss','m','하의','쇼츠','파랑','t');
Insert into PRODUCT (PRODUCT_ID,PRODUCT_NAME,PRICE,SEASON,GENDER,MAINCATEGORY,SUBCATEGORY,COLOR,ON_SALE) values ('p000000022','더플코트_초록',210000,'al','u','아우터','코트','초록','t');
Insert into PRODUCT (PRODUCT_ID,PRODUCT_NAME,PRICE,SEASON,GENDER,MAINCATEGORY,SUBCATEGORY,COLOR,ON_SALE) values ('p000000023','드레스_회색',150000,'fw','w','원피스','드레스','회색','t');
Insert into PRODUCT (PRODUCT_ID,PRODUCT_NAME,PRICE,SEASON,GENDER,MAINCATEGORY,SUBCATEGORY,COLOR,ON_SALE) values ('p000000024','스니커즈_보라',50000,'ss','m','신발','스니커즈','보라','t');
Insert into PRODUCT (PRODUCT_ID,PRODUCT_NAME,PRICE,SEASON,GENDER,MAINCATEGORY,SUBCATEGORY,COLOR,ON_SALE) values ('p000000025','옥스포드 셔츠_검정',23000,'al','u','상의','셔츠','검정','t');
Insert into PRODUCT (PRODUCT_ID,PRODUCT_NAME,PRICE,SEASON,GENDER,MAINCATEGORY,SUBCATEGORY,COLOR,ON_SALE) values ('p000000026','유틸리티 팬츠_흰색',82000,'fw','w','하의','팬츠','흰색','t');
Insert into PRODUCT (PRODUCT_ID,PRODUCT_NAME,PRICE,SEASON,GENDER,MAINCATEGORY,SUBCATEGORY,COLOR,ON_SALE) values ('p000000027','숏패딩_빨강',150000,'ss','m','아우터','패딩','빨강','t');
Insert into PRODUCT (PRODUCT_ID,PRODUCT_NAME,PRICE,SEASON,GENDER,MAINCATEGORY,SUBCATEGORY,COLOR,ON_SALE) values ('p000000028','점프슈트_노랑',98000,'al','u','원피스','오버롤','노랑','t');
Insert into PRODUCT (PRODUCT_ID,PRODUCT_NAME,PRICE,SEASON,GENDER,MAINCATEGORY,SUBCATEGORY,COLOR,ON_SALE) values ('p000000029','테슬로퍼_검정',120000,'fw','w','신발','드레스 슈즈','검정','t');
Insert into PRODUCT (PRODUCT_ID,PRODUCT_NAME,PRICE,SEASON,GENDER,MAINCATEGORY,SUBCATEGORY,COLOR,ON_SALE) values ('p000000030','모크넥 니트_초록',74000,'ss','m','상의','니트','초록','f');
Insert into PRODUCT (PRODUCT_ID,PRODUCT_NAME,PRICE,SEASON,GENDER,MAINCATEGORY,SUBCATEGORY,COLOR,ON_SALE) values ('p000000031','플리츠 스커트_회색',92000,'al','w','하의','스커트','회색','t');
Insert into PRODUCT (PRODUCT_ID,PRODUCT_NAME,PRICE,SEASON,GENDER,MAINCATEGORY,SUBCATEGORY,COLOR,ON_SALE) values ('p000000032','자켓_체크',180000,'fw','u','아우터','자켓','기타','t');
Insert into PRODUCT (PRODUCT_ID,PRODUCT_NAME,PRICE,SEASON,GENDER,MAINCATEGORY,SUBCATEGORY,COLOR,ON_SALE) values ('p000000033','롱드레스_검정',320000,'ss','w','드레스','티셔츠','검정','t');
Insert into PRODUCT (PRODUCT_ID,PRODUCT_NAME,PRICE,SEASON,GENDER,MAINCATEGORY,SUBCATEGORY,COLOR,ON_SALE) values ('p000000034','샌들_흰색',95000,'al','m','신발','샌들/슬리퍼','흰색','t');
Insert into PRODUCT (PRODUCT_ID,PRODUCT_NAME,PRICE,SEASON,GENDER,MAINCATEGORY,SUBCATEGORY,COLOR,ON_SALE) values ('p000000035','프린팅 후드_빨강',43000,'ss','u','상의','후드','빨강','t');
Insert into PRODUCT (PRODUCT_ID,PRODUCT_NAME,PRICE,SEASON,GENDER,MAINCATEGORY,SUBCATEGORY,COLOR,ON_SALE) values ('p000000036','치노 팬츠_노랑',49000,'fw','w','하의','팬츠','노랑','t');
Insert into PRODUCT (PRODUCT_ID,PRODUCT_NAME,PRICE,SEASON,GENDER,MAINCATEGORY,SUBCATEGORY,COLOR,ON_SALE) values ('p000000037','후드 집업_파랑',69000,'al','m','아우터','집업','파랑','t');
Insert into PRODUCT (PRODUCT_ID,PRODUCT_NAME,PRICE,SEASON,GENDER,MAINCATEGORY,SUBCATEGORY,COLOR,ON_SALE) values ('p000000038','오버롤_초록',190000,'ss','u','원피스','오버롤','초록','t');
Insert into PRODUCT (PRODUCT_ID,PRODUCT_NAME,PRICE,SEASON,GENDER,MAINCATEGORY,SUBCATEGORY,COLOR,ON_SALE) values ('p000000039','첼시부츠_회색',72000,'fw','w','신발','부츠','회색','t');
Insert into PRODUCT (PRODUCT_ID,PRODUCT_NAME,PRICE,SEASON,GENDER,MAINCATEGORY,SUBCATEGORY,COLOR,ON_SALE) values ('p000000040','하프 티셔츠_보라',23000,'al','m','상의','티셔츠','기타','f');
Insert into PRODUCT (PRODUCT_ID,PRODUCT_NAME,PRICE,SEASON,GENDER,MAINCATEGORY,SUBCATEGORY,COLOR,ON_SALE) values ('p000000041','카고 반바지_검정',42000,'ss','u','하의','쇼츠','검정','t');
Insert into PRODUCT (PRODUCT_ID,PRODUCT_NAME,PRICE,SEASON,GENDER,MAINCATEGORY,SUBCATEGORY,COLOR,ON_SALE) values ('p000000042','롱코트_흰색',170000,'ss','w','아우터','코트','흰색','t');
Insert into PRODUCT (PRODUCT_ID,PRODUCT_NAME,PRICE,SEASON,GENDER,MAINCATEGORY,SUBCATEGORY,COLOR,ON_SALE) values ('p000000043','물방울 드레스_빨강',156000,'fw','w','원피스','드레스','빨강','t');
Insert into PRODUCT (PRODUCT_ID,PRODUCT_NAME,PRICE,SEASON,GENDER,MAINCATEGORY,SUBCATEGORY,COLOR,ON_SALE) values ('p000000044','스니커즈_노랑',74000,'al','m','신발','스니커즈','노랑','t');
Insert into PRODUCT (PRODUCT_ID,PRODUCT_NAME,PRICE,SEASON,GENDER,MAINCATEGORY,SUBCATEGORY,COLOR,ON_SALE) values ('p000000045','체크 셔츠_파랑',83000,'fw','u','상의','셔츠','파랑','t');
Insert into PRODUCT (PRODUCT_ID,PRODUCT_NAME,PRICE,SEASON,GENDER,MAINCATEGORY,SUBCATEGORY,COLOR,ON_SALE) values ('p000000046','플레어 스커트_초록',94000,'al','w','하의','스커트','초록','t');
Insert into PRODUCT (PRODUCT_ID,PRODUCT_NAME,PRICE,SEASON,GENDER,MAINCATEGORY,SUBCATEGORY,COLOR,ON_SALE) values ('p000000047','숏패딩_회색',340000,'ss','u','아우터','패딩','회색','t');
Insert into PRODUCT (PRODUCT_ID,PRODUCT_NAME,PRICE,SEASON,GENDER,MAINCATEGORY,SUBCATEGORY,COLOR,ON_SALE) values ('p000000048','오버롤_크림',99000,'ss','m','원피스','오버롤','기타','t');
Insert into PRODUCT (PRODUCT_ID,PRODUCT_NAME,PRICE,SEASON,GENDER,MAINCATEGORY,SUBCATEGORY,COLOR,ON_SALE) values ('p000000049','부츠_검정',176000,'al','m','신발','부츠','검정','f');
REM INSERTING into PURCHASE_INFO
SET DEFINE OFF;
Insert into PURCHASE_INFO (USER_ID,ORDER_ID,PRODUCT_ID,SIZE_INFO,QUANTITY,PRICE) values ('0000001','11111111','p000000001','M',1,26000);
Insert into PURCHASE_INFO (USER_ID,ORDER_ID,PRODUCT_ID,SIZE_INFO,QUANTITY,PRICE) values ('0000001','11111111','p000000002','S',1,36000);
Insert into PURCHASE_INFO (USER_ID,ORDER_ID,PRODUCT_ID,SIZE_INFO,QUANTITY,PRICE) values ('0000001','11111111','p000000003','260',1,190000);
Insert into PURCHASE_INFO (USER_ID,ORDER_ID,PRODUCT_ID,SIZE_INFO,QUANTITY,PRICE) values ('0000001','11111112','p000000003','270',1,190000);
Insert into PURCHASE_INFO (USER_ID,ORDER_ID,PRODUCT_ID,SIZE_INFO,QUANTITY,PRICE) values ('0000001','11111113','p000000020','S',1,67000);
Insert into PURCHASE_INFO (USER_ID,ORDER_ID,PRODUCT_ID,SIZE_INFO,QUANTITY,PRICE) values ('0000004','11111114','p000000008','L',3,246000);
Insert into PURCHASE_INFO (USER_ID,ORDER_ID,PRODUCT_ID,SIZE_INFO,QUANTITY,PRICE) values ('0000002','11111115','p000000006','S',2,172000);
Insert into PURCHASE_INFO (USER_ID,ORDER_ID,PRODUCT_ID,SIZE_INFO,QUANTITY,PRICE) values ('0000002','11111115','p000000006','M',3,258000);
Insert into PURCHASE_INFO (USER_ID,ORDER_ID,PRODUCT_ID,SIZE_INFO,QUANTITY,PRICE) values ('0000013','11111116','p000000019','M',1,135000);
Insert into PURCHASE_INFO (USER_ID,ORDER_ID,PRODUCT_ID,SIZE_INFO,QUANTITY,PRICE) values ('0000017','11111117','p000000012','L',1,38000);
Insert into PURCHASE_INFO (USER_ID,ORDER_ID,PRODUCT_ID,SIZE_INFO,QUANTITY,PRICE) values ('0000020','11111118','p000000017','M',2,130000);
Insert into PURCHASE_INFO (USER_ID,ORDER_ID,PRODUCT_ID,SIZE_INFO,QUANTITY,PRICE) values ('0000020','11111118','p000000013','270',1,80000);
Insert into PURCHASE_INFO (USER_ID,ORDER_ID,PRODUCT_ID,SIZE_INFO,QUANTITY,PRICE) values ('0000019','11111119','p000000013','270',1,80000);
Insert into PURCHASE_INFO (USER_ID,ORDER_ID,PRODUCT_ID,SIZE_INFO,QUANTITY,PRICE) values ('0000019','11111120','p000000019','S',1,135000);
Insert into PURCHASE_INFO (USER_ID,ORDER_ID,PRODUCT_ID,SIZE_INFO,QUANTITY,PRICE) values ('0000019','11111121','p000000018','290',1,55000);
Insert into PURCHASE_INFO (USER_ID,ORDER_ID,PRODUCT_ID,SIZE_INFO,QUANTITY,PRICE) values ('0000019','11111121','p000000020','M',1,67000);
Insert into PURCHASE_INFO (USER_ID,ORDER_ID,PRODUCT_ID,SIZE_INFO,QUANTITY,PRICE) values ('0000019','11111121','p000000016','M',1,56000);
Insert into PURCHASE_INFO (USER_ID,ORDER_ID,PRODUCT_ID,SIZE_INFO,QUANTITY,PRICE) values ('0000011','11111122','p000000008','L',1,82000);
Insert into PURCHASE_INFO (USER_ID,ORDER_ID,PRODUCT_ID,SIZE_INFO,QUANTITY,PRICE) values ('0000011','11111122','p000000015','M',1,184000);
Insert into PURCHASE_INFO (USER_ID,ORDER_ID,PRODUCT_ID,SIZE_INFO,QUANTITY,PRICE) values ('0000005','11111123','p000000033','M',2,640000);
Insert into PURCHASE_INFO (USER_ID,ORDER_ID,PRODUCT_ID,SIZE_INFO,QUANTITY,PRICE) values ('0000006','11111124','p000000012','L',1,38000);
Insert into PURCHASE_INFO (USER_ID,ORDER_ID,PRODUCT_ID,SIZE_INFO,QUANTITY,PRICE) values ('0000007','11111125','p000000001','S',10,260000);
Insert into PURCHASE_INFO (USER_ID,ORDER_ID,PRODUCT_ID,SIZE_INFO,QUANTITY,PRICE) values ('0000007','11111125','p000000001','L',10,260000);
Insert into PURCHASE_INFO (USER_ID,ORDER_ID,PRODUCT_ID,SIZE_INFO,QUANTITY,PRICE) values ('0000011','11111126','p000000041','XS',1,42000);
Insert into PURCHASE_INFO (USER_ID,ORDER_ID,PRODUCT_ID,SIZE_INFO,QUANTITY,PRICE) values ('0000009','11111127','p000000027','F',1,150000);
Insert into PURCHASE_INFO (USER_ID,ORDER_ID,PRODUCT_ID,SIZE_INFO,QUANTITY,PRICE) values ('0000014','11111128','p000000009','M',1,38000);
Insert into PURCHASE_INFO (USER_ID,ORDER_ID,PRODUCT_ID,SIZE_INFO,QUANTITY,PRICE) values ('0000016','11111129','p000000031','S',4,368000);
Insert into PURCHASE_INFO (USER_ID,ORDER_ID,PRODUCT_ID,SIZE_INFO,QUANTITY,PRICE) values ('0000009','11111130','p000000013','230',2,80000);
REM INSERTING into REGISTER_PRODUCT
SET DEFINE OFF;
Insert into REGISTER_PRODUCT (BRAND_ID,PRODUCT_ID,REGISTER_DATE) values ('0001','p000000001',to_date('18/05/11','RR/MM/DD'));
Insert into REGISTER_PRODUCT (BRAND_ID,PRODUCT_ID,REGISTER_DATE) values ('0001','p000000002',to_date('18/06/23','RR/MM/DD'));
Insert into REGISTER_PRODUCT (BRAND_ID,PRODUCT_ID,REGISTER_DATE) values ('0001','p000000003',to_date('18/09/01','RR/MM/DD'));
Insert into REGISTER_PRODUCT (BRAND_ID,PRODUCT_ID,REGISTER_DATE) values ('0002','p000000004',to_date('18/12/28','RR/MM/DD'));
Insert into REGISTER_PRODUCT (BRAND_ID,PRODUCT_ID,REGISTER_DATE) values ('0003','p000000005',to_date('19/01/02','RR/MM/DD'));
Insert into REGISTER_PRODUCT (BRAND_ID,PRODUCT_ID,REGISTER_DATE) values ('0004','p000000006',to_date('19/01/25','RR/MM/DD'));
Insert into REGISTER_PRODUCT (BRAND_ID,PRODUCT_ID,REGISTER_DATE) values ('0005','p000000007',to_date('19/02/10','RR/MM/DD'));
Insert into REGISTER_PRODUCT (BRAND_ID,PRODUCT_ID,REGISTER_DATE) values ('0005','p000000008',to_date('19/03/17','RR/MM/DD'));
Insert into REGISTER_PRODUCT (BRAND_ID,PRODUCT_ID,REGISTER_DATE) values ('0005','p000000009',to_date('19/04/04','RR/MM/DD'));
Insert into REGISTER_PRODUCT (BRAND_ID,PRODUCT_ID,REGISTER_DATE) values ('0005','p000000010',to_date('19/05/01','RR/MM/DD'));
Insert into REGISTER_PRODUCT (BRAND_ID,PRODUCT_ID,REGISTER_DATE) values ('0005','p000000011',to_date('19/06/07','RR/MM/DD'));
Insert into REGISTER_PRODUCT (BRAND_ID,PRODUCT_ID,REGISTER_DATE) values ('0006','p000000012',to_date('19/06/18','RR/MM/DD'));
Insert into REGISTER_PRODUCT (BRAND_ID,PRODUCT_ID,REGISTER_DATE) values ('0007','p000000013',to_date('19/07/25','RR/MM/DD'));
Insert into REGISTER_PRODUCT (BRAND_ID,PRODUCT_ID,REGISTER_DATE) values ('0008','p000000014',to_date('19/07/30','RR/MM/DD'));
Insert into REGISTER_PRODUCT (BRAND_ID,PRODUCT_ID,REGISTER_DATE) values ('0009','p000000015',to_date('19/08/20','RR/MM/DD'));
Insert into REGISTER_PRODUCT (BRAND_ID,PRODUCT_ID,REGISTER_DATE) values ('0009','p000000016',to_date('19/09/08','RR/MM/DD'));
Insert into REGISTER_PRODUCT (BRAND_ID,PRODUCT_ID,REGISTER_DATE) values ('0009','p000000017',to_date('19/09/21','RR/MM/DD'));
Insert into REGISTER_PRODUCT (BRAND_ID,PRODUCT_ID,REGISTER_DATE) values ('0010','p000000018',to_date('19/10/06','RR/MM/DD'));
Insert into REGISTER_PRODUCT (BRAND_ID,PRODUCT_ID,REGISTER_DATE) values ('0011','p000000019',to_date('19/11/17','RR/MM/DD'));
Insert into REGISTER_PRODUCT (BRAND_ID,PRODUCT_ID,REGISTER_DATE) values ('0011','p000000020',to_date('19/05/06','RR/MM/DD'));
Insert into REGISTER_PRODUCT (BRAND_ID,PRODUCT_ID,REGISTER_DATE) values ('0015','p000000021',to_date('19/05/06','RR/MM/DD'));
Insert into REGISTER_PRODUCT (BRAND_ID,PRODUCT_ID,REGISTER_DATE) values ('0015','p000000022',to_date('19/05/06','RR/MM/DD'));
Insert into REGISTER_PRODUCT (BRAND_ID,PRODUCT_ID,REGISTER_DATE) values ('0015','p000000023',to_date('19/07/13','RR/MM/DD'));
Insert into REGISTER_PRODUCT (BRAND_ID,PRODUCT_ID,REGISTER_DATE) values ('0019','p000000024',to_date('19/11/11','RR/MM/DD'));
Insert into REGISTER_PRODUCT (BRAND_ID,PRODUCT_ID,REGISTER_DATE) values ('0019','p000000025',to_date('19/11/11','RR/MM/DD'));
Insert into REGISTER_PRODUCT (BRAND_ID,PRODUCT_ID,REGISTER_DATE) values ('0019','p000000026',to_date('19/11/11','RR/MM/DD'));
Insert into REGISTER_PRODUCT (BRAND_ID,PRODUCT_ID,REGISTER_DATE) values ('0020','p000000027',to_date('19/07/18','RR/MM/DD'));
Insert into REGISTER_PRODUCT (BRAND_ID,PRODUCT_ID,REGISTER_DATE) values ('0020','p000000028',to_date('19/07/07','RR/MM/DD'));
Insert into REGISTER_PRODUCT (BRAND_ID,PRODUCT_ID,REGISTER_DATE) values ('0020','p000000029',to_date('19/04/10','RR/MM/DD'));
Insert into REGISTER_PRODUCT (BRAND_ID,PRODUCT_ID,REGISTER_DATE) values ('0020','p000000030',to_date('19/04/10','RR/MM/DD'));
Insert into REGISTER_PRODUCT (BRAND_ID,PRODUCT_ID,REGISTER_DATE) values ('0010','p000000031',to_date('19/04/10','RR/MM/DD'));
Insert into REGISTER_PRODUCT (BRAND_ID,PRODUCT_ID,REGISTER_DATE) values ('0010','p000000032',to_date('19/04/10','RR/MM/DD'));
Insert into REGISTER_PRODUCT (BRAND_ID,PRODUCT_ID,REGISTER_DATE) values ('0010','p000000033',to_date('19/04/10','RR/MM/DD'));
Insert into REGISTER_PRODUCT (BRAND_ID,PRODUCT_ID,REGISTER_DATE) values ('0010','p000000034',to_date('19/11/20','RR/MM/DD'));
Insert into REGISTER_PRODUCT (BRAND_ID,PRODUCT_ID,REGISTER_DATE) values ('0010','p000000035',to_date('19/11/27','RR/MM/DD'));
Insert into REGISTER_PRODUCT (BRAND_ID,PRODUCT_ID,REGISTER_DATE) values ('0010','p000000036',to_date('19/01/03','RR/MM/DD'));
Insert into REGISTER_PRODUCT (BRAND_ID,PRODUCT_ID,REGISTER_DATE) values ('0014','p000000037',to_date('19/02/13','RR/MM/DD'));
Insert into REGISTER_PRODUCT (BRAND_ID,PRODUCT_ID,REGISTER_DATE) values ('0014','p000000038',to_date('19/03/24','RR/MM/DD'));
Insert into REGISTER_PRODUCT (BRAND_ID,PRODUCT_ID,REGISTER_DATE) values ('0014','p000000039',to_date('19/03/24','RR/MM/DD'));
Insert into REGISTER_PRODUCT (BRAND_ID,PRODUCT_ID,REGISTER_DATE) values ('0014','p000000040',to_date('19/03/24','RR/MM/DD'));
Insert into REGISTER_PRODUCT (BRAND_ID,PRODUCT_ID,REGISTER_DATE) values ('0014','p000000041',to_date('19/03/24','RR/MM/DD'));
Insert into REGISTER_PRODUCT (BRAND_ID,PRODUCT_ID,REGISTER_DATE) values ('0014','p000000042',to_date('19/03/24','RR/MM/DD'));
Insert into REGISTER_PRODUCT (BRAND_ID,PRODUCT_ID,REGISTER_DATE) values ('0016','p000000043',to_date('19/05/17','RR/MM/DD'));
Insert into REGISTER_PRODUCT (BRAND_ID,PRODUCT_ID,REGISTER_DATE) values ('0016','p000000044',to_date('19/05/17','RR/MM/DD'));
Insert into REGISTER_PRODUCT (BRAND_ID,PRODUCT_ID,REGISTER_DATE) values ('0016','p000000045',to_date('19/05/17','RR/MM/DD'));
Insert into REGISTER_PRODUCT (BRAND_ID,PRODUCT_ID,REGISTER_DATE) values ('0016','p000000046',to_date('19/05/17','RR/MM/DD'));
Insert into REGISTER_PRODUCT (BRAND_ID,PRODUCT_ID,REGISTER_DATE) values ('0016','p000000047',to_date('19/05/17','RR/MM/DD'));
Insert into REGISTER_PRODUCT (BRAND_ID,PRODUCT_ID,REGISTER_DATE) values ('0017','p000000048',to_date('19/06/07','RR/MM/DD'));
Insert into REGISTER_PRODUCT (BRAND_ID,PRODUCT_ID,REGISTER_DATE) values ('0017','p000000049',to_date('19/09/13','RR/MM/DD'));
REM INSERTING into STOCK
SET DEFINE OFF;
Insert into STOCK (PRODUCT_ID,SIZE_INFO,STOCK) values ('p000000001','S',12);
Insert into STOCK (PRODUCT_ID,SIZE_INFO,STOCK) values ('p000000001','M',21);
Insert into STOCK (PRODUCT_ID,SIZE_INFO,STOCK) values ('p000000001','L',33);
Insert into STOCK (PRODUCT_ID,SIZE_INFO,STOCK) values ('p000000002','S',22);
Insert into STOCK (PRODUCT_ID,SIZE_INFO,STOCK) values ('p000000003','260',2);
Insert into STOCK (PRODUCT_ID,SIZE_INFO,STOCK) values ('p000000004','L',21);
Insert into STOCK (PRODUCT_ID,SIZE_INFO,STOCK) values ('p000000005','S',12);
Insert into STOCK (PRODUCT_ID,SIZE_INFO,STOCK) values ('p000000005','L',1);
Insert into STOCK (PRODUCT_ID,SIZE_INFO,STOCK) values ('p000000006','S',54);
Insert into STOCK (PRODUCT_ID,SIZE_INFO,STOCK) values ('p000000006','M',22);
Insert into STOCK (PRODUCT_ID,SIZE_INFO,STOCK) values ('p000000008','S',15);
Insert into STOCK (PRODUCT_ID,SIZE_INFO,STOCK) values ('p000000009','S',24);
Insert into STOCK (PRODUCT_ID,SIZE_INFO,STOCK) values ('p000000009','M',22);
Insert into STOCK (PRODUCT_ID,SIZE_INFO,STOCK) values ('p000000012','M',1);
Insert into STOCK (PRODUCT_ID,SIZE_INFO,STOCK) values ('p000000012','L',12);
Insert into STOCK (PRODUCT_ID,SIZE_INFO,STOCK) values ('p000000013','230',6);
Insert into STOCK (PRODUCT_ID,SIZE_INFO,STOCK) values ('p000000013','270',9);
Insert into STOCK (PRODUCT_ID,SIZE_INFO,STOCK) values ('p000000015','S',14);
Insert into STOCK (PRODUCT_ID,SIZE_INFO,STOCK) values ('p000000015','270',15);
Insert into STOCK (PRODUCT_ID,SIZE_INFO,STOCK) values ('p000000016','L',1);
Insert into STOCK (PRODUCT_ID,SIZE_INFO,STOCK) values ('p000000017','S',9);
Insert into STOCK (PRODUCT_ID,SIZE_INFO,STOCK) values ('p000000018','240',12);
Insert into STOCK (PRODUCT_ID,SIZE_INFO,STOCK) values ('p000000018','250',40);
Insert into STOCK (PRODUCT_ID,SIZE_INFO,STOCK) values ('p000000018','270',29);
Insert into STOCK (PRODUCT_ID,SIZE_INFO,STOCK) values ('p000000019','L',38);
Insert into STOCK (PRODUCT_ID,SIZE_INFO,STOCK) values ('p000000020','S',30);
Insert into STOCK (PRODUCT_ID,SIZE_INFO,STOCK) values ('p000000003','250',3);
Insert into STOCK (PRODUCT_ID,SIZE_INFO,STOCK) values ('p000000010','F',23);
Insert into STOCK (PRODUCT_ID,SIZE_INFO,STOCK) values ('p000000017','F',4);
Insert into STOCK (PRODUCT_ID,SIZE_INFO,STOCK) values ('p000000011','S',11);
Insert into STOCK (PRODUCT_ID,SIZE_INFO,STOCK) values ('p000000011','M',7);
Insert into STOCK (PRODUCT_ID,SIZE_INFO,STOCK) values ('p000000019','XS',18);
Insert into STOCK (PRODUCT_ID,SIZE_INFO,STOCK) values ('p000000016','F',5);
Insert into STOCK (PRODUCT_ID,SIZE_INFO,STOCK) values ('p000000007','L',3);
Insert into STOCK (PRODUCT_ID,SIZE_INFO,STOCK) values ('p000000006','L',37);
Insert into STOCK (PRODUCT_ID,SIZE_INFO,STOCK) values ('p000000002','M',21);
Insert into STOCK (PRODUCT_ID,SIZE_INFO,STOCK) values ('p000000002','L',33);
Insert into STOCK (PRODUCT_ID,SIZE_INFO,STOCK) values ('p000000003','240',21);
Insert into STOCK (PRODUCT_ID,SIZE_INFO,STOCK) values ('p000000003','270',24);
Insert into STOCK (PRODUCT_ID,SIZE_INFO,STOCK) values ('p000000003','280',2);
Insert into STOCK (PRODUCT_ID,SIZE_INFO,STOCK) values ('p000000004','M',21);
Insert into STOCK (PRODUCT_ID,SIZE_INFO,STOCK) values ('p000000005','M',15);
Insert into STOCK (PRODUCT_ID,SIZE_INFO,STOCK) values ('p000000008','M',21);
Insert into STOCK (PRODUCT_ID,SIZE_INFO,STOCK) values ('p000000008','L',10);
Insert into STOCK (PRODUCT_ID,SIZE_INFO,STOCK) values ('p000000009','L',20);
Insert into STOCK (PRODUCT_ID,SIZE_INFO,STOCK) values ('p000000012','S',13);
Insert into STOCK (PRODUCT_ID,SIZE_INFO,STOCK) values ('p000000013','220',6);
Insert into STOCK (PRODUCT_ID,SIZE_INFO,STOCK) values ('p000000013','240',12);
Insert into STOCK (PRODUCT_ID,SIZE_INFO,STOCK) values ('p000000013','250',22);
Insert into STOCK (PRODUCT_ID,SIZE_INFO,STOCK) values ('p000000013','260',32);
Insert into STOCK (PRODUCT_ID,SIZE_INFO,STOCK) values ('p000000015','M',15);
Insert into STOCK (PRODUCT_ID,SIZE_INFO,STOCK) values ('p000000016','S',13);
Insert into STOCK (PRODUCT_ID,SIZE_INFO,STOCK) values ('p000000016','M',22);
Insert into STOCK (PRODUCT_ID,SIZE_INFO,STOCK) values ('p000000017','M',21);
Insert into STOCK (PRODUCT_ID,SIZE_INFO,STOCK) values ('p000000017','L',11);
Insert into STOCK (PRODUCT_ID,SIZE_INFO,STOCK) values ('p000000018','220',12);
Insert into STOCK (PRODUCT_ID,SIZE_INFO,STOCK) values ('p000000018','290',40);
Insert into STOCK (PRODUCT_ID,SIZE_INFO,STOCK) values ('p000000018','300',29);
Insert into STOCK (PRODUCT_ID,SIZE_INFO,STOCK) values ('p000000019','S',21);
Insert into STOCK (PRODUCT_ID,SIZE_INFO,STOCK) values ('p000000019','M',11);
Insert into STOCK (PRODUCT_ID,SIZE_INFO,STOCK) values ('p000000020','M',21);
Insert into STOCK (PRODUCT_ID,SIZE_INFO,STOCK) values ('p000000020','L',11);
Insert into STOCK (PRODUCT_ID,SIZE_INFO,STOCK) values ('p000000021','F',23);
Insert into STOCK (PRODUCT_ID,SIZE_INFO,STOCK) values ('p000000022','M',22);
Insert into STOCK (PRODUCT_ID,SIZE_INFO,STOCK) values ('p000000022','L',12);
Insert into STOCK (PRODUCT_ID,SIZE_INFO,STOCK) values ('p000000023','XS',30);
Insert into STOCK (PRODUCT_ID,SIZE_INFO,STOCK) values ('p000000023','S',21);
Insert into STOCK (PRODUCT_ID,SIZE_INFO,STOCK) values ('p000000023','M',11);
Insert into STOCK (PRODUCT_ID,SIZE_INFO,STOCK) values ('p000000023','L',15);
Insert into STOCK (PRODUCT_ID,SIZE_INFO,STOCK) values ('p000000024','260',51);
Insert into STOCK (PRODUCT_ID,SIZE_INFO,STOCK) values ('p000000024','270',25);
Insert into STOCK (PRODUCT_ID,SIZE_INFO,STOCK) values ('p000000024','280',110);
Insert into STOCK (PRODUCT_ID,SIZE_INFO,STOCK) values ('p000000024','290',52);
Insert into STOCK (PRODUCT_ID,SIZE_INFO,STOCK) values ('p000000024','300',99);
Insert into STOCK (PRODUCT_ID,SIZE_INFO,STOCK) values ('p000000025','S',31);
Insert into STOCK (PRODUCT_ID,SIZE_INFO,STOCK) values ('p000000025','M',22);
Insert into STOCK (PRODUCT_ID,SIZE_INFO,STOCK) values ('p000000025','L',12);
Insert into STOCK (PRODUCT_ID,SIZE_INFO,STOCK) values ('p000000025','XL',12);
Insert into STOCK (PRODUCT_ID,SIZE_INFO,STOCK) values ('p000000026','S',31);
Insert into STOCK (PRODUCT_ID,SIZE_INFO,STOCK) values ('p000000026','M',22);
Insert into STOCK (PRODUCT_ID,SIZE_INFO,STOCK) values ('p000000026','L',12);
Insert into STOCK (PRODUCT_ID,SIZE_INFO,STOCK) values ('p000000027','F',12);
Insert into STOCK (PRODUCT_ID,SIZE_INFO,STOCK) values ('p000000028','S',31);
Insert into STOCK (PRODUCT_ID,SIZE_INFO,STOCK) values ('p000000028','M',22);
Insert into STOCK (PRODUCT_ID,SIZE_INFO,STOCK) values ('p000000028','L',12);
Insert into STOCK (PRODUCT_ID,SIZE_INFO,STOCK) values ('p000000029','220',51);
Insert into STOCK (PRODUCT_ID,SIZE_INFO,STOCK) values ('p000000029','230',25);
Insert into STOCK (PRODUCT_ID,SIZE_INFO,STOCK) values ('p000000029','240',110);
Insert into STOCK (PRODUCT_ID,SIZE_INFO,STOCK) values ('p000000029','250',52);
Insert into STOCK (PRODUCT_ID,SIZE_INFO,STOCK) values ('p000000029','260',99);
Insert into STOCK (PRODUCT_ID,SIZE_INFO,STOCK) values ('p000000029','270',21);
Insert into STOCK (PRODUCT_ID,SIZE_INFO,STOCK) values ('p000000031','XS',31);
Insert into STOCK (PRODUCT_ID,SIZE_INFO,STOCK) values ('p000000031','S',30);
Insert into STOCK (PRODUCT_ID,SIZE_INFO,STOCK) values ('p000000031','M',21);
Insert into STOCK (PRODUCT_ID,SIZE_INFO,STOCK) values ('p000000031','L',11);
Insert into STOCK (PRODUCT_ID,SIZE_INFO,STOCK) values ('p000000032','S',31);
Insert into STOCK (PRODUCT_ID,SIZE_INFO,STOCK) values ('p000000032','M',22);
Insert into STOCK (PRODUCT_ID,SIZE_INFO,STOCK) values ('p000000032','L',12);
Insert into STOCK (PRODUCT_ID,SIZE_INFO,STOCK) values ('p000000033','S',31);
Insert into STOCK (PRODUCT_ID,SIZE_INFO,STOCK) values ('p000000033','M',22);
Insert into STOCK (PRODUCT_ID,SIZE_INFO,STOCK) values ('p000000033','L',12);
Insert into STOCK (PRODUCT_ID,SIZE_INFO,STOCK) values ('p000000034','260',51);
Insert into STOCK (PRODUCT_ID,SIZE_INFO,STOCK) values ('p000000034','270',25);
Insert into STOCK (PRODUCT_ID,SIZE_INFO,STOCK) values ('p000000034','280',110);
Insert into STOCK (PRODUCT_ID,SIZE_INFO,STOCK) values ('p000000034','290',52);
Insert into STOCK (PRODUCT_ID,SIZE_INFO,STOCK) values ('p000000034','300',99);
Insert into STOCK (PRODUCT_ID,SIZE_INFO,STOCK) values ('p000000035','S',31);
Insert into STOCK (PRODUCT_ID,SIZE_INFO,STOCK) values ('p000000035','M',22);
Insert into STOCK (PRODUCT_ID,SIZE_INFO,STOCK) values ('p000000035','L',12);
Insert into STOCK (PRODUCT_ID,SIZE_INFO,STOCK) values ('p000000036','S',31);
Insert into STOCK (PRODUCT_ID,SIZE_INFO,STOCK) values ('p000000036','M',22);
Insert into STOCK (PRODUCT_ID,SIZE_INFO,STOCK) values ('p000000036','L',12);
Insert into STOCK (PRODUCT_ID,SIZE_INFO,STOCK) values ('p000000036','XL',12);
Insert into STOCK (PRODUCT_ID,SIZE_INFO,STOCK) values ('p000000037','S',31);
Insert into STOCK (PRODUCT_ID,SIZE_INFO,STOCK) values ('p000000037','M',22);
Insert into STOCK (PRODUCT_ID,SIZE_INFO,STOCK) values ('p000000037','L',12);
Insert into STOCK (PRODUCT_ID,SIZE_INFO,STOCK) values ('p000000038','XS',31);
Insert into STOCK (PRODUCT_ID,SIZE_INFO,STOCK) values ('p000000038','S',31);
Insert into STOCK (PRODUCT_ID,SIZE_INFO,STOCK) values ('p000000038','M',22);
Insert into STOCK (PRODUCT_ID,SIZE_INFO,STOCK) values ('p000000038','L',12);
Insert into STOCK (PRODUCT_ID,SIZE_INFO,STOCK) values ('p000000038','XL',12);
Insert into STOCK (PRODUCT_ID,SIZE_INFO,STOCK) values ('p000000039','220',51);
Insert into STOCK (PRODUCT_ID,SIZE_INFO,STOCK) values ('p000000039','230',25);
Insert into STOCK (PRODUCT_ID,SIZE_INFO,STOCK) values ('p000000039','240',110);
Insert into STOCK (PRODUCT_ID,SIZE_INFO,STOCK) values ('p000000039','250',52);
Insert into STOCK (PRODUCT_ID,SIZE_INFO,STOCK) values ('p000000039','260',99);
Insert into STOCK (PRODUCT_ID,SIZE_INFO,STOCK) values ('p000000041','XS',31);
Insert into STOCK (PRODUCT_ID,SIZE_INFO,STOCK) values ('p000000041','S',31);
Insert into STOCK (PRODUCT_ID,SIZE_INFO,STOCK) values ('p000000041','M',22);
Insert into STOCK (PRODUCT_ID,SIZE_INFO,STOCK) values ('p000000041','L',12);
Insert into STOCK (PRODUCT_ID,SIZE_INFO,STOCK) values ('p000000042','S',31);
Insert into STOCK (PRODUCT_ID,SIZE_INFO,STOCK) values ('p000000042','M',22);
Insert into STOCK (PRODUCT_ID,SIZE_INFO,STOCK) values ('p000000042','L',12);
Insert into STOCK (PRODUCT_ID,SIZE_INFO,STOCK) values ('p000000043','S',31);
Insert into STOCK (PRODUCT_ID,SIZE_INFO,STOCK) values ('p000000043','M',22);
Insert into STOCK (PRODUCT_ID,SIZE_INFO,STOCK) values ('p000000043','L',12);
Insert into STOCK (PRODUCT_ID,SIZE_INFO,STOCK) values ('p000000043','XL',2);
Insert into STOCK (PRODUCT_ID,SIZE_INFO,STOCK) values ('p000000044','250',51);
Insert into STOCK (PRODUCT_ID,SIZE_INFO,STOCK) values ('p000000044','260',25);
Insert into STOCK (PRODUCT_ID,SIZE_INFO,STOCK) values ('p000000044','270',110);
Insert into STOCK (PRODUCT_ID,SIZE_INFO,STOCK) values ('p000000044','280',52);
Insert into STOCK (PRODUCT_ID,SIZE_INFO,STOCK) values ('p000000044','290',99);
Insert into STOCK (PRODUCT_ID,SIZE_INFO,STOCK) values ('p000000044','300',21);
Insert into STOCK (PRODUCT_ID,SIZE_INFO,STOCK) values ('p000000045','S',31);
Insert into STOCK (PRODUCT_ID,SIZE_INFO,STOCK) values ('p000000045','M',22);
Insert into STOCK (PRODUCT_ID,SIZE_INFO,STOCK) values ('p000000045','L',12);
Insert into STOCK (PRODUCT_ID,SIZE_INFO,STOCK) values ('p000000046','XS',40);
Insert into STOCK (PRODUCT_ID,SIZE_INFO,STOCK) values ('p000000046','S',31);
Insert into STOCK (PRODUCT_ID,SIZE_INFO,STOCK) values ('p000000046','M',22);
Insert into STOCK (PRODUCT_ID,SIZE_INFO,STOCK) values ('p000000046','L',12);
Insert into STOCK (PRODUCT_ID,SIZE_INFO,STOCK) values ('p000000047','S',31);
Insert into STOCK (PRODUCT_ID,SIZE_INFO,STOCK) values ('p000000047','M',22);
Insert into STOCK (PRODUCT_ID,SIZE_INFO,STOCK) values ('p000000047','L',12);
Insert into STOCK (PRODUCT_ID,SIZE_INFO,STOCK) values ('p000000048','S',31);
Insert into STOCK (PRODUCT_ID,SIZE_INFO,STOCK) values ('p000000048','M',22);
Insert into STOCK (PRODUCT_ID,SIZE_INFO,STOCK) values ('p000000048','L',12);
Insert into STOCK (PRODUCT_ID,SIZE_INFO,STOCK) values ('p000000048','XL',2);
REM INSERTING into USER_INFO
SET DEFINE OFF;
Insert into USER_INFO (USER_ID,USER_NAME,USER_PASSWORD,BIRTH,GENDER,USER_RANK,ADDRESS1,ADDRESS2) values ('0000001','김진아','2468kjazz',to_date('92/05/23','RR/MM/DD'),'F','Silver','경상북도 구미시','도량동 그린빌 아파트 204동 1502호');
Insert into USER_INFO (USER_ID,USER_NAME,USER_PASSWORD,BIRTH,GENDER,USER_RANK,ADDRESS1,ADDRESS2) values ('0000002','이주성','2345ljshaha',to_date('91/04/21','RR/MM/DD'),'M','Gold','서울특별시 동작구','상도동 래미안아파트 105동 1201호');
Insert into USER_INFO (USER_ID,USER_NAME,USER_PASSWORD,BIRTH,GENDER,USER_RANK,ADDRESS1,ADDRESS2) values ('0000003','임준하','874ljhbb',to_date('88/03/15','RR/MM/DD'),'M','VIP','서울특별시 강남구','삼성동 중앙하이츠 빌리지 301동 203호');
Insert into USER_INFO (USER_ID,USER_NAME,USER_PASSWORD,BIRTH,GENDER,USER_RANK,ADDRESS1,ADDRESS2) values ('0000005','정현아','429jharere',to_date('97/12/24','RR/MM/DD'),'F','Silver','대전광역시 대덕구','대화동 두레아파트 102동 511호');
Insert into USER_INFO (USER_ID,USER_NAME,USER_PASSWORD,BIRTH,GENDER,USER_RANK,ADDRESS1,ADDRESS2) values ('0000006','임정아','953lzadindin',to_date('00/01/04','RR/MM/DD'),'F','Silver','대전광역시 동구','신흥동 주공아파트 402동 602호');
Insert into USER_INFO (USER_ID,USER_NAME,USER_PASSWORD,BIRTH,GENDER,USER_RANK,ADDRESS1,ADDRESS2) values ('0000007','조현주','928jhjbalbal',to_date('94/06/03','RR/MM/DD'),'F','Gold','경기도 과천시','중앙동 에코팰리스 아파트 501동 1102호');
Insert into USER_INFO (USER_ID,USER_NAME,USER_PASSWORD,BIRTH,GENDER,USER_RANK,ADDRESS1,ADDRESS2) values ('0000008','박지선','492pjskoko',to_date('99/03/29','RR/MM/DD'),'F','Gold','부산광역시 기장군','기장읍 이진캐스빌블루 101동 406호');
Insert into USER_INFO (USER_ID,USER_NAME,USER_PASSWORD,BIRTH,GENDER,USER_RANK,ADDRESS1,ADDRESS2) values ('0000009','이재민','391ljmbakbak',to_date('89/11/05','RR/MM/DD'),'M','VIP','경상남도 김해시','부영동 부영e-그린아파트 401동 1301호');
Insert into USER_INFO (USER_ID,USER_NAME,USER_PASSWORD,BIRTH,GENDER,USER_RANK,ADDRESS1,ADDRESS2) values ('0000010','오병환','195obhkeekee',to_date('86/08/12','RR/MM/DD'),'M','VIP','강원도 원주시','단계동 단계현진 504동 608호');
Insert into USER_INFO (USER_ID,USER_NAME,USER_PASSWORD,BIRTH,GENDER,USER_RANK,ADDRESS1,ADDRESS2) values ('0000011','최승훈','129cshbanban',to_date('99/02/22','RR/MM/DD'),'M','VVIP','경상북도 포항시','지곡동 제철아프트 203동 1103호');
Insert into USER_INFO (USER_ID,USER_NAME,USER_PASSWORD,BIRTH,GENDER,USER_RANK,ADDRESS1,ADDRESS2) values ('0000013','이규상','018lklgalgal',to_date('95/04/28','RR/MM/DD'),'M','Gold','부산광역시','반여동 1316번지');
Insert into USER_INFO (USER_ID,USER_NAME,USER_PASSWORD,BIRTH,GENDER,USER_RANK,ADDRESS1,ADDRESS2) values ('0000014','박영희','928pyhweiwei',to_date('91/05/30','RR/MM/DD'),'F','Gold','대전광역시','유성구 대학로 291');
Insert into USER_INFO (USER_ID,USER_NAME,USER_PASSWORD,BIRTH,GENDER,USER_RANK,ADDRESS1,ADDRESS2) values ('0000015','함원준','838hjwhah',to_date('93/09/15','RR/MM/DD'),'M','VIP','충청북도 청주시','서원구 남사로 7번길 14-2');
Insert into USER_INFO (USER_ID,USER_NAME,USER_PASSWORD,BIRTH,GENDER,USER_RANK,ADDRESS1,ADDRESS2) values ('0000016','전상우','958jskbaba',to_date('95/09/14','RR/MM/DD'),'M','VVIP','세종특별시','한누리대로 어진동 499');
Insert into USER_INFO (USER_ID,USER_NAME,USER_PASSWORD,BIRTH,GENDER,USER_RANK,ADDRESS1,ADDRESS2) values ('0000017','송나은','825snugaga',to_date('96/07/30','RR/MM/DD'),'F','Silver','대구광역시','서구 평리5동 국채보상로43길');
Insert into USER_INFO (USER_ID,USER_NAME,USER_PASSWORD,BIRTH,GENDER,USER_RANK,ADDRESS1,ADDRESS2) values ('0000018','김희성','952khsbubu',to_date('98/04/15','RR/MM/DD'),'M','Silver','광주광역시','광산구 목련로273번길 76');
Insert into USER_INFO (USER_ID,USER_NAME,USER_PASSWORD,BIRTH,GENDER,USER_RANK,ADDRESS1,ADDRESS2) values ('0000019','배민수','359bnstata',to_date('95/08/16','RR/MM/DD'),'M','Silver','경기도 고양시','일산서구 일산로612');
Insert into USER_INFO (USER_ID,USER_NAME,USER_PASSWORD,BIRTH,GENDER,USER_RANK,ADDRESS1,ADDRESS2) values ('0000020','배민수','853seklele',to_date('00/02/02','RR/MM/DD'),'F','Gold','경기도 파주시','파평면 두포리 121');
Insert into USER_INFO (USER_ID,USER_NAME,USER_PASSWORD,BIRTH,GENDER,USER_RANK,ADDRESS1,ADDRESS2) values ('0000004','이정민','394ljmzizi',to_date('95/05/12','RR/MM/DD'),'F','VVIP','충청북도 제천시','모산동 로즈웰힐아파트 201동 507호');
Insert into USER_INFO (USER_ID,USER_NAME,USER_PASSWORD,BIRTH,GENDER,USER_RANK,ADDRESS1,ADDRESS2) values ('0000012','신현주','182shjseisei',to_date('01/08/04','RR/MM/DD'),'M','Silver','경기도 수원시','팔달구 매산로1가 아이메카 201 - 302');
REM INSERTING into USER_PHONE
SET DEFINE OFF;
Insert into USER_PHONE (USER_ID,PHONE_NUMBER) values ('0000001','010-1234-1234');
Insert into USER_PHONE (USER_ID,PHONE_NUMBER) values ('0000002','010-1234-1234');
Insert into USER_PHONE (USER_ID,PHONE_NUMBER) values ('0000003','070-0182-0230');
Insert into USER_PHONE (USER_ID,PHONE_NUMBER) values ('0000004','010-2321-2321');
Insert into USER_PHONE (USER_ID,PHONE_NUMBER) values ('0000005','010-4632-1421');
Insert into USER_PHONE (USER_ID,PHONE_NUMBER) values ('0000006','070-5454-4522');
Insert into USER_PHONE (USER_ID,PHONE_NUMBER) values ('0000007','010-3535-5335');
Insert into USER_PHONE (USER_ID,PHONE_NUMBER) values ('0000008','010-7363-6226');
Insert into USER_PHONE (USER_ID,PHONE_NUMBER) values ('0000009','010-3525-1553');
Insert into USER_PHONE (USER_ID,PHONE_NUMBER) values ('0000010','010-5225-1515');
Insert into USER_PHONE (USER_ID,PHONE_NUMBER) values ('0000011','010-2322-5252');
Insert into USER_PHONE (USER_ID,PHONE_NUMBER) values ('0000012','010-7723-3412');
Insert into USER_PHONE (USER_ID,PHONE_NUMBER) values ('0000013','010-4241-2315');
Insert into USER_PHONE (USER_ID,PHONE_NUMBER) values ('0000014','010-2241-4421');
Insert into USER_PHONE (USER_ID,PHONE_NUMBER) values ('0000015','010-9912-1422');
Insert into USER_PHONE (USER_ID,PHONE_NUMBER) values ('0000016','010-2251-2341');
Insert into USER_PHONE (USER_ID,PHONE_NUMBER) values ('0000017','010-2259-8471');
Insert into USER_PHONE (USER_ID,PHONE_NUMBER) values ('0000018','010-5551-2412');
Insert into USER_PHONE (USER_ID,PHONE_NUMBER) values ('0000019','010-2483-0532');
Insert into USER_PHONE (USER_ID,PHONE_NUMBER) values ('0000020','010-2419-3127');
REM INSERTING into WISHLIST
SET DEFINE OFF;
Insert into WISHLIST (USER_ID,PRODUCT_ID) values ('0000001','p000000001');
Insert into WISHLIST (USER_ID,PRODUCT_ID) values ('0000002','p000000002');
Insert into WISHLIST (USER_ID,PRODUCT_ID) values ('0000003','p000000002');
Insert into WISHLIST (USER_ID,PRODUCT_ID) values ('0000004','p000000002');
Insert into WISHLIST (USER_ID,PRODUCT_ID) values ('0000005','p000000004');
Insert into WISHLIST (USER_ID,PRODUCT_ID) values ('0000006','p000000001');
Insert into WISHLIST (USER_ID,PRODUCT_ID) values ('0000007','p000000001');
Insert into WISHLIST (USER_ID,PRODUCT_ID) values ('0000008','p000000013');
Insert into WISHLIST (USER_ID,PRODUCT_ID) values ('0000009','p000000013');
Insert into WISHLIST (USER_ID,PRODUCT_ID) values ('0000010','p000000017');
Insert into WISHLIST (USER_ID,PRODUCT_ID) values ('0000011','p000000011');
Insert into WISHLIST (USER_ID,PRODUCT_ID) values ('0000012','p000000006');
Insert into WISHLIST (USER_ID,PRODUCT_ID) values ('0000013','p000000006');
Insert into WISHLIST (USER_ID,PRODUCT_ID) values ('0000014','p000000005');
Insert into WISHLIST (USER_ID,PRODUCT_ID) values ('0000015','p000000001');
Insert into WISHLIST (USER_ID,PRODUCT_ID) values ('0000016','p000000001');
Insert into WISHLIST (USER_ID,PRODUCT_ID) values ('0000017','p000000001');
Insert into WISHLIST (USER_ID,PRODUCT_ID) values ('0000018','p000000001');
Insert into WISHLIST (USER_ID,PRODUCT_ID) values ('0000019','p000000016');
Insert into WISHLIST (USER_ID,PRODUCT_ID) values ('0000020','p000000016');
--------------------------------------------------------
--  DDL for Index SYS_C007365
--------------------------------------------------------

  CREATE UNIQUE INDEX "SYS_C007365" ON "PURCHASE_INFO" ("USER_ID", "ORDER_ID", "PRODUCT_ID", "SIZE_INFO") 
  ;
--------------------------------------------------------
--  Constraints for Table REGISTER_PRODUCT
--------------------------------------------------------

  ALTER TABLE "REGISTER_PRODUCT" MODIFY ("BRAND_ID" NOT NULL ENABLE);
  ALTER TABLE "REGISTER_PRODUCT" MODIFY ("PRODUCT_ID" NOT NULL ENABLE);
  ALTER TABLE "REGISTER_PRODUCT" MODIFY ("REGISTER_DATE" NOT NULL ENABLE);
  ALTER TABLE "REGISTER_PRODUCT" ADD PRIMARY KEY ("BRAND_ID", "PRODUCT_ID")
  USING INDEX  ENABLE;
--------------------------------------------------------
--  Constraints for Table USER_PHONE
--------------------------------------------------------

  ALTER TABLE "USER_PHONE" MODIFY ("USER_ID" NOT NULL ENABLE);
  ALTER TABLE "USER_PHONE" MODIFY ("PHONE_NUMBER" NOT NULL ENABLE);
  ALTER TABLE "USER_PHONE" ADD PRIMARY KEY ("USER_ID", "PHONE_NUMBER")
  USING INDEX  ENABLE;
--------------------------------------------------------
--  Constraints for Table USER_INFO
--------------------------------------------------------

  ALTER TABLE "USER_INFO" MODIFY ("USER_ID" NOT NULL ENABLE);
  ALTER TABLE "USER_INFO" MODIFY ("USER_NAME" NOT NULL ENABLE);
  ALTER TABLE "USER_INFO" MODIFY ("USER_PASSWORD" NOT NULL ENABLE);
  ALTER TABLE "USER_INFO" MODIFY ("BIRTH" NOT NULL ENABLE);
  ALTER TABLE "USER_INFO" MODIFY ("GENDER" NOT NULL ENABLE);
  ALTER TABLE "USER_INFO" MODIFY ("USER_RANK" NOT NULL ENABLE);
  ALTER TABLE "USER_INFO" MODIFY ("ADDRESS1" NOT NULL ENABLE);
  ALTER TABLE "USER_INFO" MODIFY ("ADDRESS2" NOT NULL ENABLE);
  ALTER TABLE "USER_INFO" ADD PRIMARY KEY ("USER_ID")
  USING INDEX  ENABLE;
--------------------------------------------------------
--  Constraints for Table ORDER_PHONE
--------------------------------------------------------

  ALTER TABLE "ORDER_PHONE" MODIFY ("ORDER_ID" NOT NULL ENABLE);
  ALTER TABLE "ORDER_PHONE" MODIFY ("PHONE_NUMBER" NOT NULL ENABLE);
  ALTER TABLE "ORDER_PHONE" ADD PRIMARY KEY ("ORDER_ID", "PHONE_NUMBER")
  USING INDEX  ENABLE;
--------------------------------------------------------
--  Constraints for Table PURCHASE_INFO
--------------------------------------------------------

  ALTER TABLE "PURCHASE_INFO" MODIFY ("USER_ID" NOT NULL ENABLE);
  ALTER TABLE "PURCHASE_INFO" MODIFY ("ORDER_ID" NOT NULL ENABLE);
  ALTER TABLE "PURCHASE_INFO" MODIFY ("PRODUCT_ID" NOT NULL ENABLE);
  ALTER TABLE "PURCHASE_INFO" MODIFY ("SIZE_INFO" NOT NULL ENABLE);
  ALTER TABLE "PURCHASE_INFO" MODIFY ("QUANTITY" NOT NULL ENABLE);
  ALTER TABLE "PURCHASE_INFO" ADD PRIMARY KEY ("USER_ID", "ORDER_ID", "PRODUCT_ID", "SIZE_INFO")
  USING INDEX  ENABLE;
--------------------------------------------------------
--  Constraints for Table BRAND
--------------------------------------------------------

  ALTER TABLE "BRAND" MODIFY ("BRAND_ID" NOT NULL ENABLE);
  ALTER TABLE "BRAND" MODIFY ("BRAND_NAME" NOT NULL ENABLE);
  ALTER TABLE "BRAND" MODIFY ("ADDRESS1" NOT NULL ENABLE);
  ALTER TABLE "BRAND" MODIFY ("ADDRESS2" NOT NULL ENABLE);
  ALTER TABLE "BRAND" ADD PRIMARY KEY ("BRAND_ID")
  USING INDEX  ENABLE;
--------------------------------------------------------
--  Constraints for Table WISHLIST
--------------------------------------------------------

  ALTER TABLE "WISHLIST" MODIFY ("USER_ID" NOT NULL ENABLE);
  ALTER TABLE "WISHLIST" MODIFY ("PRODUCT_ID" NOT NULL ENABLE);
  ALTER TABLE "WISHLIST" ADD PRIMARY KEY ("USER_ID", "PRODUCT_ID")
  USING INDEX  ENABLE;
--------------------------------------------------------
--  Constraints for Table PRODUCT
--------------------------------------------------------

  ALTER TABLE "PRODUCT" MODIFY ("PRODUCT_ID" NOT NULL ENABLE);
  ALTER TABLE "PRODUCT" MODIFY ("PRODUCT_NAME" NOT NULL ENABLE);
  ALTER TABLE "PRODUCT" MODIFY ("PRICE" NOT NULL ENABLE);
  ALTER TABLE "PRODUCT" MODIFY ("SEASON" NOT NULL ENABLE);
  ALTER TABLE "PRODUCT" MODIFY ("GENDER" NOT NULL ENABLE);
  ALTER TABLE "PRODUCT" MODIFY ("MAINCATEGORY" NOT NULL ENABLE);
  ALTER TABLE "PRODUCT" MODIFY ("SUBCATEGORY" NOT NULL ENABLE);
  ALTER TABLE "PRODUCT" MODIFY ("COLOR" NOT NULL ENABLE);
  ALTER TABLE "PRODUCT" MODIFY ("ON_SALE" NOT NULL ENABLE);
  ALTER TABLE "PRODUCT" ADD PRIMARY KEY ("PRODUCT_ID")
  USING INDEX  ENABLE;
--------------------------------------------------------
--  Constraints for Table ORDER_INFO
--------------------------------------------------------

  ALTER TABLE "ORDER_INFO" MODIFY ("ORDER_ID" NOT NULL ENABLE);
  ALTER TABLE "ORDER_INFO" MODIFY ("RECEIVER_NAME" NOT NULL ENABLE);
  ALTER TABLE "ORDER_INFO" MODIFY ("ADDRESS1" NOT NULL ENABLE);
  ALTER TABLE "ORDER_INFO" MODIFY ("ADDRESS2" NOT NULL ENABLE);
  ALTER TABLE "ORDER_INFO" MODIFY ("TOTAL_PRICE" NOT NULL ENABLE);
  ALTER TABLE "ORDER_INFO" MODIFY ("ORDER_DATE" NOT NULL ENABLE);
  ALTER TABLE "ORDER_INFO" MODIFY ("PAYMENT_METHOD" NOT NULL ENABLE);
  ALTER TABLE "ORDER_INFO" MODIFY ("SHIPPING_INFO" NOT NULL ENABLE);
  ALTER TABLE "ORDER_INFO" ADD PRIMARY KEY ("ORDER_ID")
  USING INDEX  ENABLE;
--------------------------------------------------------
--  Constraints for Table BRAND_PHONE
--------------------------------------------------------

  ALTER TABLE "BRAND_PHONE" MODIFY ("BRAND_ID" NOT NULL ENABLE);
  ALTER TABLE "BRAND_PHONE" MODIFY ("PHONE_NUMBER" NOT NULL ENABLE);
  ALTER TABLE "BRAND_PHONE" ADD PRIMARY KEY ("BRAND_ID", "PHONE_NUMBER")
  USING INDEX  ENABLE;
--------------------------------------------------------
--  Constraints for Table STOCK
--------------------------------------------------------

  ALTER TABLE "STOCK" MODIFY ("PRODUCT_ID" NOT NULL ENABLE);
  ALTER TABLE "STOCK" MODIFY ("SIZE_INFO" NOT NULL ENABLE);
  ALTER TABLE "STOCK" MODIFY ("STOCK" NOT NULL ENABLE);
  ALTER TABLE "STOCK" ADD PRIMARY KEY ("PRODUCT_ID", "SIZE_INFO")
  USING INDEX  ENABLE;
--------------------------------------------------------
--  Ref Constraints for Table BRAND_PHONE
--------------------------------------------------------

  ALTER TABLE "BRAND_PHONE" ADD FOREIGN KEY ("BRAND_ID")
	  REFERENCES "BRAND" ("BRAND_ID") ENABLE;
--------------------------------------------------------
--  Ref Constraints for Table ORDER_PHONE
--------------------------------------------------------

  ALTER TABLE "ORDER_PHONE" ADD FOREIGN KEY ("ORDER_ID")
	  REFERENCES "ORDER_INFO" ("ORDER_ID") ENABLE;
--------------------------------------------------------
--  Ref Constraints for Table PURCHASE_INFO
--------------------------------------------------------

  ALTER TABLE "PURCHASE_INFO" ADD FOREIGN KEY ("USER_ID")
	  REFERENCES "USER_INFO" ("USER_ID") ENABLE;
  ALTER TABLE "PURCHASE_INFO" ADD FOREIGN KEY ("ORDER_ID")
	  REFERENCES "ORDER_INFO" ("ORDER_ID") ENABLE;
  ALTER TABLE "PURCHASE_INFO" ADD FOREIGN KEY ("PRODUCT_ID", "SIZE_INFO")
	  REFERENCES "STOCK" ("PRODUCT_ID", "SIZE_INFO") ENABLE;
--------------------------------------------------------
--  Ref Constraints for Table REGISTER_PRODUCT
--------------------------------------------------------

  ALTER TABLE "REGISTER_PRODUCT" ADD FOREIGN KEY ("BRAND_ID")
	  REFERENCES "BRAND" ("BRAND_ID") ENABLE;
  ALTER TABLE "REGISTER_PRODUCT" ADD FOREIGN KEY ("PRODUCT_ID")
	  REFERENCES "PRODUCT" ("PRODUCT_ID") ENABLE;
--------------------------------------------------------
--  Ref Constraints for Table STOCK
--------------------------------------------------------

  ALTER TABLE "STOCK" ADD FOREIGN KEY ("PRODUCT_ID")
	  REFERENCES "PRODUCT" ("PRODUCT_ID") ENABLE;
--------------------------------------------------------
--  Ref Constraints for Table USER_PHONE
--------------------------------------------------------

  ALTER TABLE "USER_PHONE" ADD FOREIGN KEY ("USER_ID")
	  REFERENCES "USER_INFO" ("USER_ID") ENABLE;
--------------------------------------------------------
--  Ref Constraints for Table WISHLIST
--------------------------------------------------------

  ALTER TABLE "WISHLIST" ADD FOREIGN KEY ("USER_ID")
	  REFERENCES "USER_INFO" ("USER_ID") ENABLE;
  ALTER TABLE "WISHLIST" ADD FOREIGN KEY ("PRODUCT_ID")
	  REFERENCES "PRODUCT" ("PRODUCT_ID") ENABLE;
